,,,,,,,,,,,,,,,,,,,,,,,,,,,,,,,,,,,,,,,,,,,,,,,,,,,,,,,,,,,,,,,,,,,,,,,,,,,,,,,,,,,,,,,,,,,,,,,
"SAMSUNG 198 L Direct Cool Single Door 5 Star Refrigerator with Base Drawer?Ÿ?Ÿ???Ÿ?Ÿ???????Ÿ?Ÿ?????Ÿ?????ÿ?Ÿ?Ÿ???Ÿ?Ÿ???????Ÿ?Ÿ?????Ÿ?????ÿ(Camellia Blue, RR21T2H2WCU/HL),?Ÿ?Ÿ???Ÿ?Ÿ?????›?Ÿ?Ÿ?????Ÿ???????Ÿ?Ÿ?????Ÿ??????17990,1,Very","poor,problems",1,it,gets,auto,defrost,randomly,anytime,2,water,droplets,spils,from,freezer,3,lot,of,ice,gets,accumulated,in,freezer4,sometimes,cooling,is,not,there,5,not,sure,about,its,5,star,rating,could,be,a,fuss6,tray,and,interiors,are,delicate,can,very,easily,breakgood,points,1,looks,good,in,your,room,or,kitchen,nothing,else,after,15,days,of,"use,positive",,,,,,,,,,,,,,,,,,,,,,,,,,,,,,,
"SAMSUNG 236 L Frost Free Double Door 2 Star Refrigerator  with Digital Inverter?Ÿ?Ÿ???Ÿ?Ÿ???????Ÿ?Ÿ?????Ÿ?????ÿ?Ÿ?Ÿ???Ÿ?Ÿ???????Ÿ?Ÿ?????Ÿ?????ÿ(Gray Silver, RT28C3032GS/HL),?Ÿ?Ÿ???Ÿ?Ÿ?????›?Ÿ?Ÿ?????Ÿ???????Ÿ?Ÿ?????Ÿ??????22890,2,Moderate,freeze",segment,is,tooo,large,so,cooling,segment,remain,less,space,",positive",,,,,,,,,,,,,,,,,,,,,,,,,,,,,,,,,,,,,,,,,,,,,,,,,,,,,,,,,,,,,,,,,,,,,,,,,,,,,,,,,,,,
"SAMSUNG 189 L Direct Cool Single Door 5 Star Refrigerator with Base Drawer  with Digital Inverter?Ÿ?Ÿ???Ÿ?Ÿ???????Ÿ?Ÿ?????Ÿ?????ÿ?Ÿ?Ÿ???Ÿ?Ÿ???????Ÿ?Ÿ?????Ÿ?????ÿ(Camellia Blue, RR21C2H25CU/HL),?Ÿ?Ÿ???Ÿ?Ÿ?????›?Ÿ?Ÿ?????Ÿ???????Ÿ?Ÿ?????Ÿ??????17990,3,Nice,warranty",sticker,is,not,present,when,its,run,drrrrrrr,sounds,is,higher,otherwise,nearly,silent,not,sure,about,power,consumption,delivery,package,was,very,very,good,using,freezer,is,not,good,and,easy,as,auto,frost,free,refrigerator,in,this,refrigerator,containers,stuck,with,freezer,base,after,disconnecting,power,for,few,minutes,collecting,box,is,"easy,positive",,,,,,,,,,,,,,,,,,,,,,,,,,,,,,,,,,,,,,,,
"SAMSUNG 253 L Frost Free Double Door 3 Star Convertible Refrigerator?Ÿ?Ÿ???Ÿ?Ÿ???????Ÿ?Ÿ?????Ÿ?????ÿ?Ÿ?Ÿ???Ÿ?Ÿ???????Ÿ?Ÿ?????Ÿ?????ÿ(Elegant Inox, RT28T3743S8/HL),?Ÿ?Ÿ???Ÿ?Ÿ?????›?Ÿ?Ÿ?????Ÿ???????Ÿ?Ÿ?????Ÿ??????26290,3,Just","okay,everything",is,goodworking,fine,but,it,is,silly,that,the,refrigerator,doesnt,hav,a,lock,",positive",,,,,,,,,,,,,,,,,,,,,,,,,,,,,,,,,,,,,,,,,,,,,,,,,,,,,,,,,,,,,,,,,,,,,,,,,,,,,,,
"Godrej 180 L Direct Cool Single Door 2 Star Refrigerator?Ÿ?Ÿ???Ÿ?Ÿ???????Ÿ?Ÿ?????Ÿ?????ÿ?Ÿ?Ÿ???Ÿ?Ÿ???????Ÿ?Ÿ?????Ÿ?????ÿ(Dermin Blue, RD EDGE 205B WRF DR BL),?Ÿ?Ÿ???Ÿ?Ÿ?????›?Ÿ?Ÿ?????Ÿ???????Ÿ?Ÿ?????Ÿ??????12490,3,Decent","product,refrigerator",working,fine,but,top,and,side,view,plastic,colour,sheet,not,metal,anyway,ok,value,of,money,thank,you,filpkartworking,nice,look,"nice,positive",,,,,,,,,,,,,,,,,,,,,,,,,,,,,,,,,,,,,,,,,,,,,,,,,,,,,,,,,,,,,,,,,,,,,,,
"Lloyd 200 L Direct Cool Single Door 4 Star Refrigerator with Base Drawer?Ÿ?Ÿ???Ÿ?Ÿ???????Ÿ?Ÿ?????Ÿ?????ÿ?Ÿ?Ÿ???Ÿ?Ÿ???????Ÿ?Ÿ?????Ÿ?????ÿ(Gardenia Blue, GLDF214SS1PB),?Ÿ?Ÿ???Ÿ?Ÿ?????›?Ÿ?Ÿ?????Ÿ???????Ÿ?Ÿ?????Ÿ??????14490,3,Decent","product,it",seems,like,a,very,basic,version,without,even,a,handle,space,management,inside,fridge,is,just,"average,positive",,,,,,,,,,,,,,,,,,,,,,,,,,,,,,,,,,,,,,,,,,,,,,,,,,,,,,,,,,,,,,,,,,,,,,,,,,,,,
"Godrej 190 L Direct Cool Single Door 5 Star Refrigerator  with Base Drawer and Intelligent Inverter Compressor?Ÿ?Ÿ???Ÿ?Ÿ???????Ÿ?Ÿ?????Ÿ?????ÿ?Ÿ?Ÿ???Ÿ?Ÿ???????Ÿ?Ÿ?????Ÿ?????ÿ(Glass Blue, RD 1905 PTDI 53 GL BL),?Ÿ?Ÿ???Ÿ?Ÿ?????›?Ÿ?Ÿ?????Ÿ???????Ÿ?Ÿ?????Ÿ??????16490,3,Decent","product,compressor",sound,and,refrigerant,flow,sound,are,higher,than,other,same,category,different,company,productmaintenance,person,told,me,its,due,to,different,type,of,refrigerant,in,useall,together,refrigerator,working,"good,positive",,,,,,,,,,,,,,,,,,,,,,,,,,,,,,,,,,,,,,,,,,,,,,,,,,,,,,,,,,,,,,,,
"SAMSUNG 220 L Direct Cool Single Door 4 Star Refrigerator with Base Drawer  with Digi Touch Cool, Curd Maestro + BSD?Ÿ?Ÿ???Ÿ?Ÿ???????Ÿ?Ÿ?????Ÿ?????ÿ?Ÿ?Ÿ???Ÿ?Ÿ???????Ÿ?Ÿ?????Ÿ?????ÿ(MIDNIGHT BLOSSOM BLACK, RR23A2K3XBZ/HL),?Ÿ?Ÿ???Ÿ?Ÿ?????›?Ÿ?Ÿ?????Ÿ???????Ÿ?Ÿ?????Ÿ??????19990,3,Just","okay,the",product,is,good,value,for,money,got,delivered,on,timebut,the,installation,services,are,pathetic,its,been,more,than,one,week,the,product,is,delivered,and,while,ordering,the,product,flipkart,assured,an,installation,service,from,samsung,even,the,delivery,partners,confirmed,the,same,then,i,contacted,flipkart,first,response,was,why,do,you,need,an,installation,service,for,the,product,i,mean,why,notthen,i,explained,why,a,product,like,refrigerator,which,is,heavy,and,with,touch,"con,positive",,,,,,,,,,,,,,,
"SAMSUNG 236 L Frost Free Double Door 2 Star Refrigerator  with Digital Inverter?Ÿ?Ÿ???Ÿ?Ÿ???????Ÿ?Ÿ?????Ÿ?????ÿ?Ÿ?Ÿ???Ÿ?Ÿ???????Ÿ?Ÿ?????Ÿ?????ÿ(Gray Silver, RT28C3032GS/HL),?Ÿ?Ÿ???Ÿ?Ÿ?????›?Ÿ?Ÿ?????Ÿ???????Ÿ?Ÿ?????Ÿ??????22890,3,Just","okay,some",times,making,a,big,sound,than,that,nothing,"negative,positive",,,,,,,,,,,,,,,,,,,,,,,,,,,,,,,,,,,,,,,,,,,,,,,,,,,,,,,,,,,,,,,,,,,,,,,,,,,,,,,,,,,,,
"SAMSUNG 236 L Frost Free Double Door 2 Star Refrigerator  with Digital Inverter?Ÿ?Ÿ???Ÿ?Ÿ???????Ÿ?Ÿ?????Ÿ?????ÿ?Ÿ?Ÿ???Ÿ?Ÿ???????Ÿ?Ÿ?????Ÿ?????ÿ(Gray Silver, RT28C3032GS/HL),?Ÿ?Ÿ???Ÿ?Ÿ?????›?Ÿ?Ÿ?????Ÿ???????Ÿ?Ÿ?????Ÿ??????22890,3,Decent","product,the",looks,and,the,colour,is,awesome,but,there,is,no,light,in,the,top,ie,the,freezer,"section,positive",,,,,,,,,,,,,,,,,,,,,,,,,,,,,,,,,,,,,,,,,,,,,,,,,,,,,,,,,,,,,,,,,,,,,,,,,,,,
"SAMSUNG 236 L Frost Free Double Door 2 Star Refrigerator  with Digital Inverter?Ÿ?Ÿ???Ÿ?Ÿ???????Ÿ?Ÿ?????Ÿ?????ÿ?Ÿ?Ÿ???Ÿ?Ÿ???????Ÿ?Ÿ?????Ÿ?????ÿ(Gray Silver, RT28C3032GS/HL),?Ÿ?Ÿ???Ÿ?Ÿ?????›?Ÿ?Ÿ?????Ÿ???????Ÿ?Ÿ?????Ÿ??????22890,3,Decent","product,reliable",brand,samsung,this,review,only,basis,few,days,performed,very,well,quick,ice,freezing,thanks,flipkart,for,great,deal,",positive",,,,,,,,,,,,,,,,,,,,,,,,,,,,,,,,,,,,,,,,,,,,,,,,,,,,,,,,,,,,,,,,,,,,,,,,,,
"SAMSUNG 236 L Frost Free Double Door 2 Star Refrigerator  with Digital Inverter?Ÿ?Ÿ???Ÿ?Ÿ???????Ÿ?Ÿ?????Ÿ?????ÿ?Ÿ?Ÿ???Ÿ?Ÿ???????Ÿ?Ÿ?????Ÿ?????ÿ(Gray Silver, RT28C3032GS/HL),?Ÿ?Ÿ???Ÿ?Ÿ?????›?Ÿ?Ÿ?????Ÿ???????Ÿ?Ÿ?????Ÿ??????22890,3,Decent","product,good,positive",,,,,,,,,,,,,,,,,,,,,,,,,,,,,,,,,,,,,,,,,,,,,,,,,,,,,,,,,,,,,,,,,,,,,,,,,,,,,,,,,,,,,,,,,,,,,,
"Godrej 185 L Direct Cool Single Door 3 Star Refrigerator?Ÿ?Ÿ???Ÿ?Ÿ???????Ÿ?Ÿ?????Ÿ?????ÿ?Ÿ?Ÿ???Ÿ?Ÿ???????Ÿ?Ÿ?????Ÿ?????ÿ(Aqua Wine, RD UNO 1853 PTF AQ WN),?Ÿ?Ÿ???Ÿ?Ÿ?????›?Ÿ?Ÿ?????Ÿ???????Ÿ?Ÿ?????Ÿ??????13490,3,Just","okay,not","bad,positive",,,,,,,,,,,,,,,,,,,,,,,,,,,,,,,,,,,,,,,,,,,,,,,,,,,,,,,,,,,,,,,,,,,,,,,,,,,,,,,,,,,,,,,,,,,,,
"Godrej 185 L Direct Cool Single Door 3 Star Refrigerator?Ÿ?Ÿ???Ÿ?Ÿ???????Ÿ?Ÿ?????Ÿ?????ÿ?Ÿ?Ÿ???Ÿ?Ÿ???????Ÿ?Ÿ?????Ÿ?????ÿ(Aqua Wine, RD UNO 1853 PTF AQ WN),?Ÿ?Ÿ???Ÿ?Ÿ?????›?Ÿ?Ÿ?????Ÿ???????Ÿ?Ÿ?????Ÿ??????13490,3,Does",the,"job,ok,positive",,,,,,,,,,,,,,,,,,,,,,,,,,,,,,,,,,,,,,,,,,,,,,,,,,,,,,,,,,,,,,,,,,,,,,,,,,,,,,,,,,,,,,,,,,,,,
"SAMSUNG 223 L Direct Cool Single Door 3 Star Refrigerator  with Digital Inverter?Ÿ?Ÿ???Ÿ?Ÿ???????Ÿ?Ÿ?????Ÿ?????ÿ?Ÿ?Ÿ???Ÿ?Ÿ???????Ÿ?Ÿ?????Ÿ?????ÿ(Elegant Inox, RR24C2Y23S8/NL),?Ÿ?Ÿ???Ÿ?Ÿ?????›?Ÿ?Ÿ?????Ÿ???????Ÿ?Ÿ?????Ÿ??????17090,3,Decent","product,its","ok,positive",,,,,,,,,,,,,,,,,,,,,,,,,,,,,,,,,,,,,,,,,,,,,,,,,,,,,,,,,,,,,,,,,,,,,,,,,,,,,,,,,,,,,,,,,,,,,
"Whirlpool 200 L Direct Cool Single Door 3 Star Refrigerator?Ÿ?Ÿ???Ÿ?Ÿ???????Ÿ?Ÿ?????Ÿ?????ÿ?Ÿ?Ÿ???Ÿ?Ÿ???????Ÿ?Ÿ?????Ÿ?????ÿ(Sapphire Mulia, 215 IMPRO ROY 3S),?Ÿ?Ÿ???Ÿ?Ÿ?????›?Ÿ?Ÿ?????Ÿ???????Ÿ?Ÿ?????Ÿ??????16490,3,Just","okay,good",product,some,scratches,occurred,water,leakage,inside,the,"bridge,positive",,,,,,,,,,,,,,,,,,,,,,,,,,,,,,,,,,,,,,,,,,,,,,,,,,,,,,,,,,,,,,,,,,,,,,,,,,,,,,,,,,,,,
"Haier 190 L Direct Cool Single Door 2 Star Refrigerator?Ÿ?Ÿ???Ÿ?Ÿ???????Ÿ?Ÿ?????Ÿ?????ÿ?Ÿ?Ÿ???Ÿ?Ÿ???????Ÿ?Ÿ?????Ÿ?????ÿ(Burgundy Red, HED-19TBR),?Ÿ?Ÿ???Ÿ?Ÿ?????›?Ÿ?Ÿ?????Ÿ???????Ÿ?Ÿ?????Ÿ??????12290,3,Fair,got",it,for,rs,11000never,recommend,to,anyone,worst,quality,inside,only,looks,good,from,outside,performance,is,very,"poor,positive",,,,,,,,,,,,,,,,,,,,,,,,,,,,,,,,,,,,,,,,,,,,,,,,,,,,,,,,,,,,,,,,,,,,,,,,,,,,
"SAMSUNG 223 L Direct Cool Single Door 3 Star Refrigerator  with Digital Inverter?Ÿ?Ÿ???Ÿ?Ÿ???????Ÿ?Ÿ?????Ÿ?????ÿ?Ÿ?Ÿ???Ÿ?Ÿ???????Ÿ?Ÿ?????Ÿ?????ÿ(Elegant Inox, RR24C2Y23S8/NL),?Ÿ?Ÿ???Ÿ?Ÿ?????›?Ÿ?Ÿ?????Ÿ???????Ÿ?Ÿ?????Ÿ??????17090,3,Decent","product,space",for,bottles,is,very,less,not,ecen,1l,bottle,gets,"adjusted,positive",,,,,,,,,,,,,,,,,,,,,,,,,,,,,,,,,,,,,,,,,,,,,,,,,,,,,,,,,,,,,,,,,,,,,,,,,,,,,,,,,,,
"SAMSUNG 192 L Direct Cool Single Door 2 Star Refrigerator?Ÿ?Ÿ???Ÿ?Ÿ???????Ÿ?Ÿ?????Ÿ?????ÿ?Ÿ?Ÿ???Ÿ?Ÿ???????Ÿ?Ÿ?????Ÿ?????ÿ(Gray Silver, RR19A241BGS/NL),?Ÿ?Ÿ???Ÿ?Ÿ?????›?Ÿ?Ÿ?????Ÿ???????Ÿ?Ÿ?????Ÿ??????13190,3,Fair,freezer",part,not,much,"efficient,positive",,,,,,,,,,,,,,,,,,,,,,,,,,,,,,,,,,,,,,,,,,,,,,,,,,,,,,,,,,,,,,,,,,,,,,,,,,,,,,,,,,,,,,,,,,,
"Haier 195 L Direct Cool Single Door 5 Star Refrigerator?Ÿ?Ÿ???Ÿ?Ÿ???????Ÿ?Ÿ?????Ÿ?????ÿ?Ÿ?Ÿ???Ÿ?Ÿ???????Ÿ?Ÿ?????Ÿ?????ÿ(Brushline Silver, HED-20FDS),?Ÿ?Ÿ???Ÿ?Ÿ?????›?Ÿ?Ÿ?????Ÿ???????Ÿ?Ÿ?????Ÿ??????15790,3,Does",the,"job,too",much,noice,except,this,all,"good,positive",,,,,,,,,,,,,,,,,,,,,,,,,,,,,,,,,,,,,,,,,,,,,,,,,,,,,,,,,,,,,,,,,,,,,,,,,,,,,,,,,,,,,,,
"Haier 195 L Direct Cool Single Door 5 Star Refrigerator?Ÿ?Ÿ???Ÿ?Ÿ???????Ÿ?Ÿ?????Ÿ?????ÿ?Ÿ?Ÿ???Ÿ?Ÿ???????Ÿ?Ÿ?????Ÿ?????ÿ(Brushline Silver, HED-20FDS),?Ÿ?Ÿ???Ÿ?Ÿ?????›?Ÿ?Ÿ?????Ÿ???????Ÿ?Ÿ?????Ÿ??????15790,3,Fair,havey","capasity,positive",,,,,,,,,,,,,,,,,,,,,,,,,,,,,,,,,,,,,,,,,,,,,,,,,,,,,,,,,,,,,,,,,,,,,,,,,,,,,,,,,,,,,,,,,,,,,,
"Haier 195 L Direct Cool Single Door 5 Star Refrigerator?Ÿ?Ÿ???Ÿ?Ÿ???????Ÿ?Ÿ?????Ÿ?????ÿ?Ÿ?Ÿ???Ÿ?Ÿ???????Ÿ?Ÿ?????Ÿ?????ÿ(Brushline Silver, HED-20FDS),?Ÿ?Ÿ???Ÿ?Ÿ?????›?Ÿ?Ÿ?????Ÿ???????Ÿ?Ÿ?????Ÿ??????15790,3,Nice,fridge",body,is,on,time,full,heat,metal,"body,positive",,,,,,,,,,,,,,,,,,,,,,,,,,,,,,,,,,,,,,,,,,,,,,,,,,,,,,,,,,,,,,,,,,,,,,,,,,,,,,,,,,,,,,,
"SAMSUNG 236 L Frost Free Double Door 2 Star Refrigerator  with Digital Inverter?Ÿ?Ÿ???Ÿ?Ÿ???????Ÿ?Ÿ?????Ÿ?????ÿ?Ÿ?Ÿ???Ÿ?Ÿ???????Ÿ?Ÿ?????Ÿ?????ÿ(Gray Silver, RT28C3032GS/HL),?Ÿ?Ÿ???Ÿ?Ÿ?????›?Ÿ?Ÿ?????Ÿ???????Ÿ?Ÿ?????Ÿ??????22890,3,Nice,the",looks,and,the,colour,is,awesome,but,there,is,no,light,in,the,top,ie,the,freezer,"section,positive",,,,,,,,,,,,,,,,,,,,,,,,,,,,,,,,,,,,,,,,,,,,,,,,,,,,,,,,,,,,,,,,,,,,,,,,,,,,,
"SAMSUNG 236 L Frost Free Double Door 2 Star Refrigerator  with Digital Inverter?Ÿ?Ÿ???Ÿ?Ÿ???????Ÿ?Ÿ?????Ÿ?????ÿ?Ÿ?Ÿ???Ÿ?Ÿ???????Ÿ?Ÿ?????Ÿ?????ÿ(Gray Silver, RT28C3032GS/HL),?Ÿ?Ÿ???Ÿ?Ÿ?????›?Ÿ?Ÿ?????Ÿ???????Ÿ?Ÿ?????Ÿ??????22890,3,Nice,ok,positive",,,,,,,,,,,,,,,,,,,,,,,,,,,,,,,,,,,,,,,,,,,,,,,,,,,,,,,,,,,,,,,,,,,,,,,,,,,,,,,,,,,,,,,,,,,,,,,
"Whirlpool 265 L Frost Free Double Door 3 Star Convertible Refrigerator?Ÿ?Ÿ???Ÿ?Ÿ???????Ÿ?Ÿ?????Ÿ?????ÿ?Ÿ?Ÿ???Ÿ?Ÿ???????Ÿ?Ÿ?????Ÿ?????ÿ(Magnum Steel, IF INV CNV 278 MAGNUM STEEL (3S)-N),?Ÿ?Ÿ???Ÿ?Ÿ?????›?Ÿ?Ÿ?????Ÿ???????Ÿ?Ÿ?????Ÿ??????27990,3,Good,yeah",its,okay,ok,product,earlier,we,use,godrej,we,want,to,try,new,so,we,choose,whrilphool,cooling,is,not,that,much,and,intelliji,sensor,is,not,upto,the,mark,even,on,booking,it,reached,after,12,days,but,one,best,thing,is,when,it,delivers,the,company,man,arrived,and,show,the,"demo,positive",,,,,,,,,,,,,,,,,,,,,,,,,,,,,,,,,,,,,,,,,
"Haier 195 L Direct Cool Single Door 4 Star Refrigerator?Ÿ?Ÿ???Ÿ?Ÿ???????Ÿ?Ÿ?????Ÿ?????ÿ?Ÿ?Ÿ???Ÿ?Ÿ???????Ÿ?Ÿ?????Ÿ?????ÿ(DAZZLE STEEL, HED-20CFDS),?Ÿ?Ÿ???Ÿ?Ÿ?????›?Ÿ?Ÿ?????Ÿ???????Ÿ?Ÿ?????Ÿ??????14950,3,Nice,its",metallic,stickers,on,the,body,are,of,very,poor,quality,and,they,can,be,easily,removed,then,you,can,not,identify,which,brand,this,product,"is,positive",,,,,,,,,,,,,,,,,,,,,,,,,,,,,,,,,,,,,,,,,,,,,,,,,,,,,,,,,,,,,,,,,,,,,
"SAMSUNG 192 L Direct Cool Single Door 2 Star Refrigerator?Ÿ?Ÿ???Ÿ?Ÿ???????Ÿ?Ÿ?????Ÿ?????ÿ?Ÿ?Ÿ???Ÿ?Ÿ???????Ÿ?Ÿ?????Ÿ?????ÿ(Gray Silver, RR19A241BGS/NL),?Ÿ?Ÿ???Ÿ?Ÿ?????›?Ÿ?Ÿ?????Ÿ???????Ÿ?Ÿ?????Ÿ??????13190,3,Nice,this",time,good,after,6,months,then,perfectly,known,product,how,"is,positive",,,,,,,,,,,,,,,,,,,,,,,,,,,,,,,,,,,,,,,,,,,,,,,,,,,,,,,,,,,,,,,,,,,,,,,,,,,,,,,,,,,,
"SAMSUNG 192 L Direct Cool Single Door 2 Star Refrigerator?Ÿ?Ÿ???Ÿ?Ÿ???????Ÿ?Ÿ?????Ÿ?????ÿ?Ÿ?Ÿ???Ÿ?Ÿ???????Ÿ?Ÿ?????Ÿ?????ÿ(Gray Silver, RR19A241BGS/NL),?Ÿ?Ÿ???Ÿ?Ÿ?????›?Ÿ?Ÿ?????Ÿ???????Ÿ?Ÿ?????Ÿ??????13190,3,Decent","product,god,positive",,,,,,,,,,,,,,,,,,,,,,,,,,,,,,,,,,,,,,,,,,,,,,,,,,,,,,,,,,,,,,,,,,,,,,,,,,,,,,,,,,,,,,,,,,,,,,
"LG 190 L Direct Cool Single Door 5 Star Refrigerator with Base Drawer  with Smart Inverter Compressor?Ÿ?Ÿ???Ÿ?Ÿ???????Ÿ?Ÿ?????Ÿ?????ÿ?Ÿ?Ÿ???Ÿ?Ÿ???????Ÿ?Ÿ?????Ÿ?????ÿ(Blue Charm, GL-D201ABCZ),?Ÿ?Ÿ???Ÿ?Ÿ?????›?Ÿ?Ÿ?????Ÿ???????Ÿ?Ÿ?????Ÿ??????18190,3,Fair,its",sound,is,annoying,overall,good,but,waiting,for,few,weeks,to,make,a,final,"review,positive",,,,,,,,,,,,,,,,,,,,,,,,,,,,,,,,,,,,,,,,,,,,,,,,,,,,,,,,,,,,,,,,,,,,,,,,,,,,,,,,
"SAMSUNG 253 L Frost Free Double Door 2 Star Refrigerator with Base Drawer?Ÿ?Ÿ???Ÿ?Ÿ???????Ÿ?Ÿ?????Ÿ?????ÿ?Ÿ?Ÿ???Ÿ?Ÿ???????Ÿ?Ÿ?????Ÿ?????ÿ(Elegant Inox, RT28T3122S8/HL),?Ÿ?Ÿ???Ÿ?Ÿ?????›?Ÿ?Ÿ?????Ÿ???????Ÿ?Ÿ?????Ÿ??????23990,3,Just","okay,hey",friends,this,fridge,is,cheap,and,good,option,for,a,192l,capacity,i,would,say,that,the,quality,inside,the,fridge,is,not,up,to,the,mark,like,the,plastics,and,all,delivery,was,okay,for,my,areathe,color,is,grey,but,shiny,and,looks,elegant,fridge,is,good,for,2,or,4,members,familyits,a,2,star,fridge,so,electricity,consumption,is,more,than,other,fridges,but,price,is,less,so,no,complaini,am,writing,this,review,after,2,days,dont,know,about,the,durability,ill,update,it,after,a,"lon,positive",,
"RRHR SALES Finger Sleeve For Pubg and all Gaming (Suitable for all smartphones) Pack of 8 Finger Sleeve  Gaming Accessory Kit?Ÿ?Ÿ???Ÿ?Ÿ???????Ÿ?Ÿ?????Ÿ?????ÿ?Ÿ?Ÿ???Ÿ?Ÿ???????Ÿ?Ÿ?????Ÿ?????ÿ(Black, For Android, iOS),?Ÿ?Ÿ???Ÿ?Ÿ?????›?Ÿ?Ÿ?????Ÿ???????Ÿ?Ÿ?????Ÿ??????165,3,Just","okay,not",bad,good,"product,positive",,,,,,,,,,,,,,,,,,,,,,,,,,,,,,,,,,,,,,,,,,,,,,,,,,,,,,,,,,,,,,,,,,,,,,,,,,,,,,,,,,,,,,,,,,,
"PRO365 Tummy Trimmer for Men & Women Belly Fat ABS Exercise Equipment & Home Gym Ab Exerciser?Ÿ?Ÿ???Ÿ?Ÿ???????Ÿ?Ÿ?????Ÿ?????ÿ?Ÿ?Ÿ???Ÿ?Ÿ???????Ÿ?Ÿ?????Ÿ?????ÿ(Yellow, Black),?Ÿ?Ÿ???Ÿ?Ÿ?????›?Ÿ?Ÿ?????Ÿ???????Ÿ?Ÿ?????Ÿ??????299,1,Utterly","Disappointed,good,positive",,,,,,,,,,,,,,,,,,,,,,,,,,,,,,,,,,,,,,,,,,,,,,,,,,,,,,,,,,,,,,,,,,,,,,,,,,,,,,,,,,,,,,,,,,,,,,
"FITKIT Classic Bottle 700 ml Shaker?Ÿ?Ÿ???Ÿ?Ÿ???????Ÿ?Ÿ?????Ÿ?????ÿ?Ÿ?Ÿ???Ÿ?Ÿ???????Ÿ?Ÿ?????Ÿ?????ÿ(Pack of 1, Brown, Plastic),?Ÿ?Ÿ???Ÿ?Ÿ?????›?Ÿ?Ÿ?????Ÿ???????Ÿ?Ÿ?????Ÿ??????179,1,Terrible","product,its",not,leak,proof,water,leaks,every,time,you,drink,"water,positive",,,,,,,,,,,,,,,,,,,,,,,,,,,,,,,,,,,,,,,,,,,,,,,,,,,,,,,,,,,,,,,,,,,,,,,,,,,,,,,,,,,,
PRO365,Disc,Acupressure,Magnets,Reflexology,Slimming,Abdominal,2,in,1,tummy,twister,Ab,"Exerciser?Ÿ?Ÿ???Ÿ?Ÿ???????Ÿ?Ÿ?????Ÿ?????ÿ?Ÿ?Ÿ???Ÿ?Ÿ???????Ÿ?Ÿ?????Ÿ?????ÿ(Yellow),?Ÿ?Ÿ???Ÿ?Ÿ?????›?Ÿ?Ÿ?????Ÿ???????Ÿ?Ÿ?????Ÿ??????299,2,Moderate,need",to,grab,the,handle,very,tightly,for,it,not,to,slip,i,felt,back,pain,using,this,maybe,its,more,strong,for,a,"beginner,positive",,,,,,,,,,,,,,,,,,,,,,,,,,,,,,,,,,,,,,,,,,,,,,,,,,,,,,,,,,
"Leosportz 2 Pack Knee Brace, Compression Sleeve Support Unisex, Running,Gym, Hiking Knee Support?Ÿ?Ÿ???Ÿ?Ÿ???????Ÿ?Ÿ?????Ÿ?????ÿ?Ÿ?Ÿ???Ÿ?Ÿ???????Ÿ?Ÿ?????Ÿ?????ÿ(Green, Black),?Ÿ?Ÿ???Ÿ?Ÿ?????›?Ÿ?Ÿ?????Ÿ???????Ÿ?Ÿ?????Ÿ??????350,3,Nice,not",value,for,money,but,okay,okay,",positive",,,,,,,,,,,,,,,,,,,,,,,,,,,,,,,,,,,,,,,,,,,,,,,,,,,,,,,,,,,,,,,,,,,,,,,,,,,,,,,,,,,,,,,,
LIYANSH,Posture,corrector,belt,for,men,and,women,for,back,pain,Back,"Support?Ÿ?Ÿ???Ÿ?Ÿ???????Ÿ?Ÿ?????Ÿ?????ÿ?Ÿ?Ÿ???Ÿ?Ÿ???????Ÿ?Ÿ?????Ÿ?????ÿ(Black),?Ÿ?Ÿ???Ÿ?Ÿ?????›?Ÿ?Ÿ?????Ÿ???????Ÿ?Ÿ?????Ÿ??????424,3,Nice,not",much,helpful,for,backpain,so,if,you,are,ordering,for,back,pain,the,this,is,not,for,you,but,if,you,want,to,help,back,to,be,straight,then,this,will,be,helpful,but,only,for,15,min,more,then,that,may,be,some,"issue,positive",,,,,,,,,,,,,,,,,,,,,,,,,,,,,,,,,,,,,,
LIYANSH,Posture,corrector,belt,for,men,and,women,for,back,pain,Back,"Support?Ÿ?Ÿ???Ÿ?Ÿ???????Ÿ?Ÿ?????Ÿ?????ÿ?Ÿ?Ÿ???Ÿ?Ÿ???????Ÿ?Ÿ?????Ÿ?????ÿ(Black),?Ÿ?Ÿ???Ÿ?Ÿ?????›?Ÿ?Ÿ?????Ÿ???????Ÿ?Ÿ?????Ÿ??????424,3,Does",the,"job,ok","only,positive",,,,,,,,,,,,,,,,,,,,,,,,,,,,,,,,,,,,,,,,,,,,,,,,,,,,,,,,,,,,,,,,,,,,,,,,,,,,,,,,
LIYANSH,Posture,corrector,belt,for,men,and,women,for,back,pain,Back,"Support?Ÿ?Ÿ???Ÿ?Ÿ???????Ÿ?Ÿ?????Ÿ?????ÿ?Ÿ?Ÿ???Ÿ?Ÿ???????Ÿ?Ÿ?????Ÿ?????ÿ(Black),?Ÿ?Ÿ???Ÿ?Ÿ?????›?Ÿ?Ÿ?????Ÿ???????Ÿ?Ÿ?????Ÿ??????424,3,Fair,working",good,i,try,different,belt,as,well,before,this,honestly,this,is,batter,than,the,other,"company,positive",,,,,,,,,,,,,,,,,,,,,,,,,,,,,,,,,,,,,,,,,,,,,,,,,,,,,,,,,,,,,,,,,,
"YIXTY Resistance Bands Set for Exercise, Stretching, and Workout Toning Tube Resistance Tube?Ÿ?Ÿ???Ÿ?Ÿ???????Ÿ?Ÿ?????Ÿ?????ÿ?Ÿ?Ÿ???Ÿ?Ÿ???????Ÿ?Ÿ?????Ÿ?????ÿ(Multicolor),?Ÿ?Ÿ???Ÿ?Ÿ?????›?Ÿ?Ÿ?????Ÿ???????Ÿ?Ÿ?????Ÿ??????325,3,Good,not","bad,positive",,,,,,,,,,,,,,,,,,,,,,,,,,,,,,,,,,,,,,,,,,,,,,,,,,,,,,,,,,,,,,,,,,,,,,,,,,,,,,,,,,,,,,,,,,,,,,
"YIXTY Resistance Bands Set for Exercise, Stretching, and Workout Toning Tube Resistance Tube?Ÿ?Ÿ???Ÿ?Ÿ???????Ÿ?Ÿ?????Ÿ?????ÿ?Ÿ?Ÿ???Ÿ?Ÿ???????Ÿ?Ÿ?????Ÿ?????ÿ(Multicolor),?Ÿ?Ÿ???Ÿ?Ÿ?????›?Ÿ?Ÿ?????Ÿ???????Ÿ?Ÿ?????Ÿ??????325,3,Good,ok,positive",,,,,,,,,,,,,,,,,,,,,,,,,,,,,,,,,,,,,,,,,,,,,,,,,,,,,,,,,,,,,,,,,,,,,,,,,,,,,,,,,,,,,,,,,,,,,,,
"AJRO DEAL Toning Tube Double, Door Anchor, Exercise Guide Resistance Tube Resistance Tube?Ÿ?Ÿ???Ÿ?Ÿ???????Ÿ?Ÿ?????Ÿ?????ÿ?Ÿ?Ÿ???Ÿ?Ÿ???????Ÿ?Ÿ?????Ÿ?????ÿ(Red, Grey, Sky Blue, Green),?Ÿ?Ÿ???Ÿ?Ÿ?????›?Ÿ?Ÿ?????Ÿ???????Ÿ?Ÿ?????Ÿ??????197,3,Decent","product,the",product,was,broken,from,the,holding,region,other,then,that,it,was,fine,and,is,good,for,working,"out,positive",,,,,,,,,,,,,,,,,,,,,,,,,,,,,,,,,,,,,,,,,,,,,,,,,,,,,,,,,,,,,,,,,,,,,,,,,,,
Adrenex,by,Flipkart,Double,Toning,Tube,with,Handles-,10,kg-Medium,Resistance,Tube,Resistance,"Tube?Ÿ?Ÿ???Ÿ?Ÿ???????Ÿ?Ÿ?????Ÿ?????ÿ?Ÿ?Ÿ???Ÿ?Ÿ???????Ÿ?Ÿ?????Ÿ?????ÿ(Grey),?Ÿ?Ÿ???Ÿ?Ÿ?????›?Ÿ?Ÿ?????Ÿ???????Ÿ?Ÿ?????Ÿ??????199,3,Nice,ok,positive",,,,,,,,,,,,,,,,,,,,,,,,,,,,,,,,,,,,,,,,,,,,,,,,,,,,,,,,,,,,,,,,,,,,,,,,,,,,,,,,,,
Adrenex,by,Flipkart,Double,Toning,Tube,with,Handles-,10,kg-Medium,Resistance,Tube,Resistance,"Tube?Ÿ?Ÿ???Ÿ?Ÿ???????Ÿ?Ÿ?????Ÿ?????ÿ?Ÿ?Ÿ???Ÿ?Ÿ???????Ÿ?Ÿ?????Ÿ?????ÿ(Grey),?Ÿ?Ÿ???Ÿ?Ÿ?????›?Ÿ?Ÿ?????Ÿ???????Ÿ?Ÿ?????Ÿ??????199,3,Does",the,"job,ok,positive",,,,,,,,,,,,,,,,,,,,,,,,,,,,,,,,,,,,,,,,,,,,,,,,,,,,,,,,,,,,,,,,,,,,,,,,,,,,,,,,
"PRO365 Tummy Trimmer for Men & Women Belly Fat ABS Exercise Equipment & Home Gym Ab Exerciser?Ÿ?Ÿ???Ÿ?Ÿ???????Ÿ?Ÿ?????Ÿ?????ÿ?Ÿ?Ÿ???Ÿ?Ÿ???????Ÿ?Ÿ?????Ÿ?????ÿ(Yellow, Black),?Ÿ?Ÿ???Ÿ?Ÿ?????›?Ÿ?Ÿ?????Ÿ???????Ÿ?Ÿ?????Ÿ??????299,3,Decent","product,yes",bit,useful,but,not,for,heavy,exercises,reasonable,for,its,"price,positive",,,,,,,,,,,,,,,,,,,,,,,,,,,,,,,,,,,,,,,,,,,,,,,,,,,,,,,,,,,,,,,,,,,,,,,,,,,,,,,,,,,
Shopeleven,Resistance,Toning,Tube,5,Pcs,set-,Promotes,Strength,Training,and,Muscle,Building,Resistance,"Tube?Ÿ?Ÿ???Ÿ?Ÿ???????Ÿ?Ÿ?????Ÿ?????ÿ?Ÿ?Ÿ???Ÿ?Ÿ???????Ÿ?Ÿ?????Ÿ?????ÿ(Multicolor),?Ÿ?Ÿ???Ÿ?Ÿ?????›?Ÿ?Ÿ?????Ÿ???????Ÿ?Ÿ?????Ÿ??????320,3,Nice,its","ok,positive",,,,,,,,,,,,,,,,,,,,,,,,,,,,,,,,,,,,,,,,,,,,,,,,,,,,,,,,,,,,,,,,,,,,,,,,,,,,,,,,
"Manogyam WEIGHT LOSS PROGRAM Men & Women - With thin handle Speed Skipping Rope Freestyle Skipping Rope?Ÿ?Ÿ???Ÿ?Ÿ???????Ÿ?Ÿ?????Ÿ?????ÿ?Ÿ?Ÿ???Ÿ?Ÿ???????Ÿ?Ÿ?????Ÿ?????ÿ(Red, Length: 270 cm),?Ÿ?Ÿ???Ÿ?Ÿ?????›?Ÿ?Ÿ?????Ÿ???????Ÿ?Ÿ?????Ÿ??????119,3,Fair,the",rope,was,good,but,not,made,for,5,foot,7,inches,above,"persons,positive",,,,,,,,,,,,,,,,,,,,,,,,,,,,,,,,,,,,,,,,,,,,,,,,,,,,,,,,,,,,,,,,,,,,,,,,,,,,,,,,,,
"Manogyam WEIGHT LOSS PROGRAM Men & Women - With thin handle Speed Skipping Rope Freestyle Skipping Rope?Ÿ?Ÿ???Ÿ?Ÿ???????Ÿ?Ÿ?????Ÿ?????ÿ?Ÿ?Ÿ???Ÿ?Ÿ???????Ÿ?Ÿ?????Ÿ?????ÿ(Red, Length: 270 cm),?Ÿ?Ÿ???Ÿ?Ÿ?????›?Ÿ?Ÿ?????Ÿ???????Ÿ?Ÿ?????Ÿ??????119,3,Fair,it",was,"ok,positive",,,,,,,,,,,,,,,,,,,,,,,,,,,,,,,,,,,,,,,,,,,,,,,,,,,,,,,,,,,,,,,,,,,,,,,,,,,,,,,,,,,,,,,,,,,,,
"FITKIT Classic Bottle 700 ml Shaker?Ÿ?Ÿ???Ÿ?Ÿ???????Ÿ?Ÿ?????Ÿ?????ÿ?Ÿ?Ÿ???Ÿ?Ÿ???????Ÿ?Ÿ?????Ÿ?????ÿ(Pack of 1, Brown, Plastic),?Ÿ?Ÿ???Ÿ?Ÿ?????›?Ÿ?Ÿ?????Ÿ???????Ÿ?Ÿ?????Ÿ??????179,3,Fair,post",1,month,usageimages,are,deceptiveits,not,transparent,chk,images,didnt,liked,itvery,much,prone,to,scraches,so,clean,carefullydoesnt,seems,to,be,leak,proof,in,longterm,usagesize,is,good,enoughnot,a,happy,customer,",positive",,,,,,,,,,,,,,,,,,,,,,,,,,,,,,,,,,,,,,,,,,,,,,,,,,,,,,,,,,,,,
"FITKIT Classic Bottle 700 ml Shaker?Ÿ?Ÿ???Ÿ?Ÿ???????Ÿ?Ÿ?????Ÿ?????ÿ?Ÿ?Ÿ???Ÿ?Ÿ???????Ÿ?Ÿ?????Ÿ?????ÿ(Pack of 1, Brown, Plastic),?Ÿ?Ÿ???Ÿ?Ÿ?????›?Ÿ?Ÿ?????Ÿ???????Ÿ?Ÿ?????Ÿ??????179,3,Does",the,"job,it",is,not,leak,proof,i,dont,know,why,the,reviews,said,it,is,the,whole,product,was,a,5,star,if,it,was,leak,proof,because,of,the,quality,looks,and,everything,only,concern,is,water,dripping,constantly,when,its,"full,positive",,,,,,,,,,,,,,,,,,,,,,,,,,,,,,,,,,,,,,,,,,,,,,,,,,,,
"AJRO DEAL Wrist Band for Men & Women, Wrist Supporter for Gym. Wrist Support Wrist Support,?Ÿ?Ÿ???Ÿ?Ÿ?????›?Ÿ?Ÿ?????Ÿ???????Ÿ?Ÿ?????Ÿ??????181,3,Fair,good",band,but,due,to,the,material,the,velcro,rips,of,the,cloth,much,better,if,you,go,for,deeply,woven,or,different,material,"band,positive",,,,,,,,,,,,,,,,,,,,,,,,,,,,,,,,,,,,,,,,,,,,,,,,,,,,,,,,,,,,,,,,,,,,,,,
MAYBELLINE,NEW,YORK,Hypercurl,Mascara,Washable,9.2,"ml?Ÿ?Ÿ???Ÿ?Ÿ???????Ÿ?Ÿ?????Ÿ?????ÿ?Ÿ?Ÿ???Ÿ?Ÿ???????Ÿ?Ÿ?????Ÿ?????ÿ(Black),?Ÿ?Ÿ???Ÿ?Ÿ?????›?Ÿ?Ÿ?????Ÿ???????Ÿ?Ÿ?????Ÿ??????274,2,Expected",a,better,"product,not","bad,positive",,,,,,,,,,,,,,,,,,,,,,,,,,,,,,,,,,,,,,,,,,,,,,,,,,,,,,,,,,,,,,,,,,,,,,,,,,,,,,,,,,,,
MARS,Ultra,Curl,Long,lasting,Fabulash,Mascara,12,ml?Ÿ?Ÿ???Ÿ?Ÿ???????Ÿ?Ÿ?????Ÿ?????ÿ?Ÿ?Ÿ???Ÿ?Ÿ???????Ÿ?Ÿ?????Ÿ?????ÿ(Jet,"Black),?Ÿ?Ÿ???Ÿ?Ÿ?????›?Ÿ?Ÿ?????Ÿ???????Ÿ?Ÿ?????Ÿ??????162,3,Fair,nice",but,very,stickyu,can,see,the,difference,after,applying,first,stroke,which,is,not,bad,but,if,u,gonna,apply,it,twice,or,thrice,then,your,lashes,got,stuck,with,one,another,which,look,so,weirdotherwise,ok,ok,"product,positive",,,,,,,,,,,,,,,,,,,,,,,,,,,,,,,,,,,,,,,,,,,,,,,
MARS,Ultra,Curl,Long,lasting,Fabulash,Mascara,12,ml?Ÿ?Ÿ???Ÿ?Ÿ???????Ÿ?Ÿ?????Ÿ?????ÿ?Ÿ?Ÿ???Ÿ?Ÿ???????Ÿ?Ÿ?????Ÿ?????ÿ(Jet,"Black),?Ÿ?Ÿ???Ÿ?Ÿ?????›?Ÿ?Ÿ?????Ÿ???????Ÿ?Ÿ?????Ÿ??????162,3,Just","okay,its",nice,makes,lashes,look,thick,but,its,like,am,applying,"fevicol,positive",,,,,,,,,,,,,,,,,,,,,,,,,,,,,,,,,,,,,,,,,,,,,,,,,,,,,,,,,,,,,,,,,,,,,,,,,,
MARS,Ultra,Curl,Long,lasting,Fabulash,Mascara,12,ml?Ÿ?Ÿ???Ÿ?Ÿ???????Ÿ?Ÿ?????Ÿ?????ÿ?Ÿ?Ÿ???Ÿ?Ÿ???????Ÿ?Ÿ?????Ÿ?????ÿ(Jet,"Black),?Ÿ?Ÿ???Ÿ?Ÿ?????›?Ÿ?Ÿ?????Ÿ???????Ÿ?Ÿ?????Ÿ??????162,3,Just","okay,i",give,this,mascara,a,three,star,rating,solely,for,the,price,and,because,it,does,not,smudge,other,than,that,the,formula,is,very,think,and,clumpyand,the,wand,and,brisils,are,very,thick,making,its,even,harder,to,distribute,evenly,by,the,time,you,r,going,for,second,coating,your,lashes,will,look,like,spiders,",positive",,,,,,,,,,,,,,,,,,,,,,,,,,,,
MARS,Ultra,Curl,Long,lasting,Fabulash,Mascara,12,ml?Ÿ?Ÿ???Ÿ?Ÿ???????Ÿ?Ÿ?????Ÿ?????ÿ?Ÿ?Ÿ???Ÿ?Ÿ???????Ÿ?Ÿ?????Ÿ?????ÿ(Jet,"Black),?Ÿ?Ÿ???Ÿ?Ÿ?????›?Ÿ?Ÿ?????Ÿ???????Ÿ?Ÿ?????Ÿ??????162,3,Nice,not","bad,positive",,,,,,,,,,,,,,,,,,,,,,,,,,,,,,,,,,,,,,,,,,,,,,,,,,,,,,,,,,,,,,,,,,,,,,,,,,,,,,,,,,,,,
MARS,Ultra,Curl,Long,lasting,Fabulash,Mascara,12,ml?Ÿ?Ÿ???Ÿ?Ÿ???????Ÿ?Ÿ?????Ÿ?????ÿ?Ÿ?Ÿ???Ÿ?Ÿ???????Ÿ?Ÿ?????Ÿ?????ÿ(Jet,"Black),?Ÿ?Ÿ???Ÿ?Ÿ?????›?Ÿ?Ÿ?????Ÿ???????Ÿ?Ÿ?????Ÿ??????162,3,Just","okay,good",product,but,slow,"delivery,positive",,,,,,,,,,,,,,,,,,,,,,,,,,,,,,,,,,,,,,,,,,,,,,,,,,,,,,,,,,,,,,,,,,,,,,,,,,,,,,,,,
MAYBELLINE,NEW,YORK,Hypercurl,Mascara,Washable,9.2,"ml?Ÿ?Ÿ???Ÿ?Ÿ???????Ÿ?Ÿ?????Ÿ?????ÿ?Ÿ?Ÿ???Ÿ?Ÿ???????Ÿ?Ÿ?????Ÿ?????ÿ(Black),?Ÿ?Ÿ???Ÿ?Ÿ?????›?Ÿ?Ÿ?????Ÿ???????Ÿ?Ÿ?????Ÿ??????274,3,Nice,good",but,ittl,"try,positive",,,,,,,,,,,,,,,,,,,,,,,,,,,,,,,,,,,,,,,,,,,,,,,,,,,,,,,,,,,,,,,,,,,,,,,,,,,,,,,,,,,,,
MAYBELLINE,NEW,YORK,Hypercurl,Mascara,Washable,9.2,"ml?Ÿ?Ÿ???Ÿ?Ÿ???????Ÿ?Ÿ?????Ÿ?????ÿ?Ÿ?Ÿ???Ÿ?Ÿ???????Ÿ?Ÿ?????Ÿ?????ÿ(Black),?Ÿ?Ÿ???Ÿ?Ÿ?????›?Ÿ?Ÿ?????Ÿ???????Ÿ?Ÿ?????Ÿ??????274,3,Does",the,"job,not",bad,thats,it,not,much,than,yellow,colour,bottle,maybelline,"muscara,positive",,,,,,,,,,,,,,,,,,,,,,,,,,,,,,,,,,,,,,,,,,,,,,,,,,,,,,,,,,,,,,,,,,,,,,,,,,,
MAYBELLINE,NEW,YORK,Hypercurl,Mascara,Washable,9.2,"ml?Ÿ?Ÿ???Ÿ?Ÿ???????Ÿ?Ÿ?????Ÿ?????ÿ?Ÿ?Ÿ???Ÿ?Ÿ???????Ÿ?Ÿ?????Ÿ?????ÿ(Black),?Ÿ?Ÿ???Ÿ?Ÿ?????›?Ÿ?Ÿ?????Ÿ???????Ÿ?Ÿ?????Ÿ??????274,3,Does",the,"job,super",butthere,is,a,small,problem,with,the,eye,when,it,is,put,in,the,eyethe,eye,experiences,burning,and,"stinging,positive",,,,,,,,,,,,,,,,,,,,,,,,,,,,,,,,,,,,,,,,,,,,,,,,,,,,,,,,,,,,,,,,,,
MAYBELLINE,NEW,YORK,Hypercurl,Mascara,Washable,9.2,"ml?Ÿ?Ÿ???Ÿ?Ÿ???????Ÿ?Ÿ?????Ÿ?????ÿ?Ÿ?Ÿ???Ÿ?Ÿ???????Ÿ?Ÿ?????Ÿ?????ÿ(Black),?Ÿ?Ÿ???Ÿ?Ÿ?????›?Ÿ?Ÿ?????Ÿ???????Ÿ?Ÿ?????Ÿ??????274,3,Nice,quality",good,but,quantity,"less,positive",,,,,,,,,,,,,,,,,,,,,,,,,,,,,,,,,,,,,,,,,,,,,,,,,,,,,,,,,,,,,,,,,,,,,,,,,,,,,,,,,,,,
MAYBELLINE,NEW,YORK,Hypercurl,Mascara,Washable,9.2,"ml?Ÿ?Ÿ???Ÿ?Ÿ???????Ÿ?Ÿ?????Ÿ?????ÿ?Ÿ?Ÿ???Ÿ?Ÿ???????Ÿ?Ÿ?????Ÿ?????ÿ(Black),?Ÿ?Ÿ???Ÿ?Ÿ?????›?Ÿ?Ÿ?????Ÿ???????Ÿ?Ÿ?????Ÿ??????274,3,Nice,not","bad,positive",,,,,,,,,,,,,,,,,,,,,,,,,,,,,,,,,,,,,,,,,,,,,,,,,,,,,,,,,,,,,,,,,,,,,,,,,,,,,,,,,,,,,,,
MAYBELLINE,NEW,YORK,Hypercurl,Mascara,Washable,9.2,"ml?Ÿ?Ÿ???Ÿ?Ÿ???????Ÿ?Ÿ?????Ÿ?????ÿ?Ÿ?Ÿ???Ÿ?Ÿ???????Ÿ?Ÿ?????Ÿ?????ÿ(Black),?Ÿ?Ÿ???Ÿ?Ÿ?????›?Ÿ?Ÿ?????Ÿ???????Ÿ?Ÿ?????Ÿ??????274,3,Nice,its",a,nice,product,but,i,was,expecting,"more,positive",,,,,,,,,,,,,,,,,,,,,,,,,,,,,,,,,,,,,,,,,,,,,,,,,,,,,,,,,,,,,,,,,,,,,,,,,,,,,,,,
MAYBELLINE,NEW,YORK,Hypercurl,Mascara,Washable,9.2,"ml?Ÿ?Ÿ???Ÿ?Ÿ???????Ÿ?Ÿ?????Ÿ?????ÿ?Ÿ?Ÿ???Ÿ?Ÿ???????Ÿ?Ÿ?????Ÿ?????ÿ(Black),?Ÿ?Ÿ???Ÿ?Ÿ?????›?Ÿ?Ÿ?????Ÿ???????Ÿ?Ÿ?????Ÿ??????274,3,Good,good",product,but,it,was,dry,a,bit,seems,hardly,i,could,use,once,or,"twice,positive",,,,,,,,,,,,,,,,,,,,,,,,,,,,,,,,,,,,,,,,,,,,,,,,,,,,,,,,,,,,,,,,,,,,,,,,,
MAYBELLINE,NEW,YORK,Hypercurl,Mascara,Washable,9.2,"ml?Ÿ?Ÿ???Ÿ?Ÿ???????Ÿ?Ÿ?????Ÿ?????ÿ?Ÿ?Ÿ???Ÿ?Ÿ???????Ÿ?Ÿ?????Ÿ?????ÿ(Black),?Ÿ?Ÿ???Ÿ?Ÿ?????›?Ÿ?Ÿ?????Ÿ???????Ÿ?Ÿ?????Ÿ??????274,3,Does",the,"job,easy",to,use,but,after,aplying,it,takes,at,least,an,hour,to,get,"dry,positive",,,,,,,,,,,,,,,,,,,,,,,,,,,,,,,,,,,,,,,,,,,,,,,,,,,,,,,,,,,,,,,,,,,,,,,,
MAYBELLINE,NEW,YORK,Hypercurl,Mascara,Washable,9.2,"ml?Ÿ?Ÿ???Ÿ?Ÿ???????Ÿ?Ÿ?????Ÿ?????ÿ?Ÿ?Ÿ???Ÿ?Ÿ???????Ÿ?Ÿ?????Ÿ?????ÿ(Black),?Ÿ?Ÿ???Ÿ?Ÿ?????›?Ÿ?Ÿ?????Ÿ???????Ÿ?Ÿ?????Ÿ??????274,3,Decent","product,its",give,me,long,lasting,bankness,on,my,lesses,i,like,2,use,"thiz,positive",,,,,,,,,,,,,,,,,,,,,,,,,,,,,,,,,,,,,,,,,,,,,,,,,,,,,,,,,,,,,,,,,,,,,,,,,,
"MAYBELLINE NEW YORK Baby Lips Pink Lolita & Baby Lips Cherry Kiss Pink Lolita & Cherry Kiss?Ÿ?Ÿ???Ÿ?Ÿ???????Ÿ?Ÿ?????Ÿ?????ÿ?Ÿ?Ÿ???Ÿ?Ÿ???????Ÿ?Ÿ?????Ÿ?????ÿ(Pack of: 2, 31.2 g),?Ÿ?Ÿ???Ÿ?Ÿ?????›?Ÿ?Ÿ?????Ÿ???????Ÿ?Ÿ?????Ÿ??????203,3,Does",the,"job,i",had,high,expectations,with,this,product,because,of,reviews,but,quite,disappointed,it,feel,sticky,on,lips,smells,like,jelly,toffee,which,i,dont,like,much,and,effect,on,lips,last,max,for,2,hours,colour,on,lips,is,negligible,just,bit,shiny,in,first,hour,of,applyingwont,"recommend,positive",,,,,,,,,,,,,,,,,,,,,,,,,,,,,,,,,,,,,,,,,,,,
"SAMSUNG Original 25W ,USB -C Compatible Power Adaptor for all Samsung Devices (Fast Charge 2.0)?Ÿ?Ÿ???Ÿ?Ÿ???????Ÿ?Ÿ?????Ÿ?????ÿ?Ÿ?Ÿ???Ÿ?Ÿ???????Ÿ?Ÿ?????Ÿ?????ÿ(Black),?Ÿ?Ÿ???Ÿ?Ÿ?????›?Ÿ?Ÿ?????Ÿ???????Ÿ?Ÿ?????Ÿ??????1025,1,Very","poor,really",disappointed,this,time,charger,is,overheating,and,due,to,over,heating,its,malfunctioning,return,not,acceptableits,not,orignal,product,i,think,dont,waste,your,money,for,purchasing,online,its,better,to,purchase,local,samsung,"showroom,positive",,,,,,,,,,,,,,,,,,,,,,,,,,,,,,,,,,,,,,,,,,,,,,,,,,,,,,,,,,,
"Flipkart SmartBuy 10W Fast Charger , Compatible with Vivo,Oppo,Gionee,Xiomi,Redmi,realme,infinix,POCO,iphone,Samsung,Mi devices (MicroUSB - Cable Included)?Ÿ?Ÿ???Ÿ?Ÿ???????Ÿ?Ÿ?????Ÿ?????ÿ?Ÿ?Ÿ???Ÿ?Ÿ???????Ÿ?Ÿ?????Ÿ?????ÿ(Black, Cable Included),?Ÿ?Ÿ???Ÿ?Ÿ?????›?Ÿ?Ÿ?????Ÿ???????Ÿ?Ÿ?????Ÿ??????249,2,Not","good,cable",is,fine,adapter,is,hot,while,it,is,even,single,"harge,positive",,,,,,,,,,,,,,,,,,,,,,,,,,,,,,,,,,,,,,,,,,,,,,,,,,,,,,,,,,,,,,,,,,,,,,,,,,,,,,,,,,,
"SAMSUNG Original 25W , USB -C Compatible Power Adaptor for all Samsung Devices (Fast Charge 2.0)?Ÿ?Ÿ???Ÿ?Ÿ???????Ÿ?Ÿ?????Ÿ?????ÿ?Ÿ?Ÿ???Ÿ?Ÿ???????Ÿ?Ÿ?????Ÿ?????ÿ(White),?Ÿ?Ÿ???Ÿ?Ÿ?????›?Ÿ?Ÿ?????Ÿ???????Ÿ?Ÿ?????Ÿ??????1249,3,Does",the,"job,my",phone,samsung,a53,5gcharging,"slow,positive",,,,,,,,,,,,,,,,,,,,,,,,,,,,,,,,,,,,,,,,,,,,,,,,,,,,,,,,,,,,,,,,,,,,,,,,,,,,,,,,,,,,,,,,
"ZEBRONICS 2.1 A Multiport Mobile Zeb-MA5222 Charger with Detachable Cable?Ÿ?Ÿ???Ÿ?Ÿ???????Ÿ?Ÿ?????Ÿ?????ÿ?Ÿ?Ÿ???Ÿ?Ÿ???????Ÿ?Ÿ?????Ÿ?????ÿ(White, Cable Included),?Ÿ?Ÿ???Ÿ?Ÿ?????›?Ÿ?Ÿ?????Ÿ???????Ÿ?Ÿ?????Ÿ??????1,3,Nice,dual",port,is,good,it,didnt,support,fast,charging,for,my,vivo,v20,so,"returned,positive",,,,,,,,,,,,,,,,,,,,,,,,,,,,,,,,,,,,,,,,,,,,,,,,,,,,,,,,,,,,,,,,,,,,,,,,,,,,,,,,,
"ZEBRONICS 2.1 A Multiport Mobile Zeb-MA5222 Charger with Detachable Cable?Ÿ?Ÿ???Ÿ?Ÿ???????Ÿ?Ÿ?????Ÿ?????ÿ?Ÿ?Ÿ???Ÿ?Ÿ???????Ÿ?Ÿ?????Ÿ?????ÿ(White, Cable Included),?Ÿ?Ÿ???Ÿ?Ÿ?????›?Ÿ?Ÿ?????Ÿ???????Ÿ?Ÿ?????Ÿ??????1,3,Good,the",charger,pin,is,not,"working,positive",,,,,,,,,,,,,,,,,,,,,,,,,,,,,,,,,,,,,,,,,,,,,,,,,,,,,,,,,,,,,,,,,,,,,,,,,,,,,,,,,,,,,,,,,,
"ZEBRONICS 2.1 A Multiport Mobile Zeb-MA5222 Charger with Detachable Cable?Ÿ?Ÿ???Ÿ?Ÿ???????Ÿ?Ÿ?????Ÿ?????ÿ?Ÿ?Ÿ???Ÿ?Ÿ???????Ÿ?Ÿ?????Ÿ?????ÿ(White, Cable Included),?Ÿ?Ÿ???Ÿ?Ÿ?????›?Ÿ?Ÿ?????Ÿ???????Ÿ?Ÿ?????Ÿ??????1,3,Decent","product,good,positive",,,,,,,,,,,,,,,,,,,,,,,,,,,,,,,,,,,,,,,,,,,,,,,,,,,,,,,,,,,,,,,,,,,,,,,,,,,,,,,,,,,,,,,,,,,,,,
"ZEBRONICS 2.1 A Multiport Mobile Zeb-MA5222 Charger with Detachable Cable?Ÿ?Ÿ???Ÿ?Ÿ???????Ÿ?Ÿ?????Ÿ?????ÿ?Ÿ?Ÿ???Ÿ?Ÿ???????Ÿ?Ÿ?????Ÿ?????ÿ(White, Cable Included),?Ÿ?Ÿ???Ÿ?Ÿ?????›?Ÿ?Ÿ?????Ÿ???????Ÿ?Ÿ?????Ÿ??????1,3,Fair,charging",is,current,supply,of,charging,"point,positive",,,,,,,,,,,,,,,,,,,,,,,,,,,,,,,,,,,,,,,,,,,,,,,,,,,,,,,,,,,,,,,,,,,,,,,,,,,,,,,,,,,,,,,,,
Ambrane,10.5,W,2.1,A,Mobile,AWC-38,Charger?Ÿ?Ÿ???Ÿ?Ÿ???????Ÿ?Ÿ?????Ÿ?????ÿ?Ÿ?Ÿ???Ÿ?Ÿ???????Ÿ?Ÿ?????Ÿ?????ÿ(User,"Manual),?Ÿ?Ÿ???Ÿ?Ÿ?????›?Ÿ?Ÿ?????Ÿ???????Ÿ?Ÿ?????Ÿ??????299,3,Best",in,the,"market!,wow",fast,"charge,positive",,,,,,,,,,,,,,,,,,,,,,,,,,,,,,,,,,,,,,,,,,,,,,,,,,,,,,,,,,,,,,,,,,,,,,,,,,,,,,,,,,
Ambrane,10.5,W,2.1,A,Mobile,AWC-38,Charger?Ÿ?Ÿ???Ÿ?Ÿ???????Ÿ?Ÿ?????Ÿ?????ÿ?Ÿ?Ÿ???Ÿ?Ÿ???????Ÿ?Ÿ?????Ÿ?????ÿ(User,"Manual),?Ÿ?Ÿ???Ÿ?Ÿ?????›?Ÿ?Ÿ?????Ÿ???????Ÿ?Ÿ?????Ÿ??????299,3,Nice,charges",works,fast,with,my,lenovo,mi,phones,but,there,is,a,problem,with,the,usb,cable,provided,while,i,keep,the,phone,on,charge,my,mobile,keyboard,behaves,abnormally,touchscreen,behaves,weirdly,while,charging,like,unlocking,the,phone,receiving,call,cannot,be,done,if,i,am,charging,with,the,usb,if,i,use,the,adapter,with,a,different,usb,it,works,"smoothly,positive",,,,,,,,,,,,,,,,,,,,,,,,,
Ambrane,10.5,W,2.1,A,Mobile,AWC-38,Charger?Ÿ?Ÿ???Ÿ?Ÿ???????Ÿ?Ÿ?????Ÿ?????ÿ?Ÿ?Ÿ???Ÿ?Ÿ???????Ÿ?Ÿ?????Ÿ?????ÿ(User,"Manual),?Ÿ?Ÿ???Ÿ?Ÿ?????›?Ÿ?Ÿ?????Ÿ???????Ÿ?Ÿ?????Ÿ??????299,3,Nice,the",quality,of,the,charger,is,very,good,this,is,for,the,second,time,i,am,buying,this,item,but,reason,for,3,stars,is,the,attitude,of,delivery,man,he,was,very,arrogant,and,was,speaking,with,such,attitude,as,if,he,has,paid,the,amount,for,charger,from,his,own,pocket,and,i,should,be,grateful,tohim,as,he,delivered,the,product,never,expected,such,bad,experience,about,delivery,from,flipkart,worst,experience,ever,"had,positive",,,,,,,,,,,
Ambrane,10.5,W,2.1,A,Mobile,AWC-38,Charger?Ÿ?Ÿ???Ÿ?Ÿ???????Ÿ?Ÿ?????Ÿ?????ÿ?Ÿ?Ÿ???Ÿ?Ÿ???????Ÿ?Ÿ?????Ÿ?????ÿ(User,"Manual),?Ÿ?Ÿ???Ÿ?Ÿ?????›?Ÿ?Ÿ?????Ÿ???????Ÿ?Ÿ?????Ÿ??????299,3,Does",the,"job,charger",was,good,charging,my,mobile,fast,as,compare,to,others,but,i,feel,heating,while,charging,also,feel,current,leakage,problem,on,my,note,6,"pro,positive",,,,,,,,,,,,,,,,,,,,,,,,,,,,,,,,,,,,,,,,,,,,,,,,,,,,,,,,,,,
SAMSUNG,7,kg,Inverter,5,Star,with,Eco,Bubble,Technology,Washing,Machine,Fully,Automatic,Top,Load,"Grey?Ÿ?Ÿ???Ÿ?Ÿ???????Ÿ?Ÿ?????Ÿ?????ÿ?Ÿ?Ÿ???Ÿ?Ÿ???????Ÿ?Ÿ?????Ÿ?????ÿ(WA70BG4441YYTL),",17,"990,1,terrible","product,it",s,been,11,months,since,i,i,been,using,the,machine,initially,it,was,working,fine,but,now,the,machine,has,started,giving,issues,it,stops,suddenly,and,starts,giving,buzzer,called,the,service,support,as,well,but,they,are,not,able,to,resolve,the,issues,",positive",,,,,,,,,,,,,,,,,,,,,,,,,,,,,
ONIDA,6.2,kg,Fully,Automatic,Top,Load,Grey?Ÿ?Ÿ???Ÿ?Ÿ???????Ÿ?Ÿ?????Ÿ?????ÿ?Ÿ?Ÿ???Ÿ?Ÿ???????Ÿ?Ÿ?????Ÿ?????ÿ(T62CGN,/,CRYSTAL,"62),",11,"490,1,not",recommended,at,"all,product",received,on,1st,september,but,installation,still,not,done,worst,buying,experience,",positive",,,,,,,,,,,,,,,,,,,,,,,,,,,,,,,,,,,,,,,,,,,,,,,,,,,,,,,,,,,,,,,,,,,
"realme TechLife 8.5 kg Semi Automatic Top Load Grey, Black?Ÿ?Ÿ???Ÿ?Ÿ???????Ÿ?Ÿ?????Ÿ?????ÿ?Ÿ?Ÿ???Ÿ?Ÿ???????Ÿ?Ÿ?????Ÿ?????ÿ(RMSA855NNNDG),",10,"390,1,utterly","disappointed,very",good,"product,positive",,,,,,,,,,,,,,,,,,,,,,,,,,,,,,,,,,,,,,,,,,,,,,,,,,,,,,,,,,,,,,,,,,,,,,,,,,,,,,,,,,,,,,,,,,
ONIDA,7,kg,with,5,Star,Fully,Automatic,Top,Load,"Grey?Ÿ?Ÿ???Ÿ?Ÿ???????Ÿ?Ÿ?????Ÿ?????ÿ?Ÿ?Ÿ???Ÿ?Ÿ???????Ÿ?Ÿ?????Ÿ?????ÿ(T70CGN),",13,"190,1,terrible","product,installation",not,done,despite,followup,customer,care,support,of,flipkart,was,terrible,i,you,happen,to,get,pass,the,silly,mechanized,chats,and,the,absolutely,user,non,friendly,telephonic,customer,support,no,to,talk,to,an,exceuttive,all,i,got,is,sweet,talk,from,with,no,result,guys,i,didn,t,buy,washing,machine,to,decorate,its,useless,if,not,installed,its,was,dilivred,on,15,june,still,not,installed,",positive",,,,,,,,,,,,
ONIDA,7,kg,with,5,Star,Fully,Automatic,Top,Load,"Grey?Ÿ?Ÿ???Ÿ?Ÿ???????Ÿ?Ÿ?????Ÿ?????ÿ?Ÿ?Ÿ???Ÿ?Ÿ???????Ÿ?Ÿ?????Ÿ?????ÿ(T70CGN),",13,"190,1,worthless,my",washing,machine,is,not,working,properly,have,very,heavy,sound,and,other,issues,please,replace,or,repair,",positive",,,,,,,,,,,,,,,,,,,,,,,,,,,,,,,,,,,,,,,,,,,,,,,,,,,,,,,,,,,,,,,,,
"realme TechLife 8.5 kg Semi Automatic Top Load Grey, Black?Ÿ?Ÿ???Ÿ?Ÿ???????Ÿ?Ÿ?????Ÿ?????ÿ?Ÿ?Ÿ???Ÿ?Ÿ???????Ÿ?Ÿ?????Ÿ?????ÿ(RMSA855NNNDG),",10,"390,3,nice,realme",used,low,quality,of,plastic,to,build,the,body,of,washing,machine,performance,is,"better,positive",,,,,,,,,,,,,,,,,,,,,,,,,,,,,,,,,,,,,,,,,,,,,,,,,,,,,,,,,,,,,,,,,,,,,,,,,,,,,,
"realme TechLife 8.5 kg Semi Automatic Top Load Grey, Black?Ÿ?Ÿ???Ÿ?Ÿ???????Ÿ?Ÿ?????Ÿ?????ÿ?Ÿ?Ÿ???Ÿ?Ÿ???????Ÿ?Ÿ?????Ÿ?????ÿ(RMSA855NNNDG),",10,"390,3,decent","product,during",washing,heavy,noice,is,coming,overall,ok,",positive",,,,,,,,,,,,,,,,,,,,,,,,,,,,,,,,,,,,,,,,,,,,,,,,,,,,,,,,,,,,,,,,,,,,,,,,,,,,,,,,,,,,
realme,TechLife,6.5,kg,Fully,Automatic,Top,Load,"Grey?Ÿ?Ÿ???Ÿ?Ÿ???????Ÿ?Ÿ?????Ÿ?????ÿ?Ÿ?Ÿ???Ÿ?Ÿ???????Ÿ?Ÿ?????Ÿ?????ÿ(RMFA65A5G),",12,"190,3,decent","product,very",cheap,quality,material,but,which,price,i,got,is,very,nice,thanks,to,flipkart,i,will,check,performance,for,few,days,and,i,will,review,again,",positive",,,,,,,,,,,,,,,,,,,,,,,,,,,,,,,,,,,,,,,,,,,,,,,,,,,,,,,,,
realme,TechLife,6.5,kg,Fully,Automatic,Top,Load,"Grey?Ÿ?Ÿ???Ÿ?Ÿ???????Ÿ?Ÿ?????Ÿ?????ÿ?Ÿ?Ÿ???Ÿ?Ÿ???????Ÿ?Ÿ?????Ÿ?????ÿ(RMFA65A5G),",12,"190,3,nice,product",is,ok,water,inlet,pipe,water,drain,pipe,are,very,short,in,length,also,no,arrangement,to,hang,water,inlet,pipe,after,use,bee,start,rating,date,is,2019,expire,on,december,2021,washing,machine,manufacture,year,2021,installation,technicine,has,good,knoledge,nice,"person,positive",,,,,,,,,,,,,,,,,,,,,,,,,,,,,,,,,,,,,,,,
realme,TechLife,6.5,kg,Fully,Automatic,Top,Load,"Grey?Ÿ?Ÿ???Ÿ?Ÿ???????Ÿ?Ÿ?????Ÿ?????ÿ?Ÿ?Ÿ???Ÿ?Ÿ???????Ÿ?Ÿ?????Ÿ?????ÿ(RMFA65A5G),",12,"190,3,good,quality",of,fiber,is,not,upto,the,markrest,all,"good,positive",,,,,,,,,,,,,,,,,,,,,,,,,,,,,,,,,,,,,,,,,,,,,,,,,,,,,,,,,,,,,,,,,,,,,,,,,,,,
SAMSUNG,8,kg,Inverter,5,Star,with,Ecobubble,Technology,Washing,Machine,Fully,Automatic,Top,Load,"Grey?Ÿ?Ÿ???Ÿ?Ÿ???????Ÿ?Ÿ?????Ÿ?????ÿ?Ÿ?Ÿ???Ÿ?Ÿ???????Ÿ?Ÿ?????Ÿ?????ÿ(WA80BG4441BGTL),",20,"990,3,look",elsewhere,",small",unit,in,dimensions,and,capacity,too,material,is,very,thin,and,light,and,may,not,last,many,years,of,use,the,quickest,setting,takes,min,34,minutes,normal,washing,takes,anything,between,55,65,minutes,i,strongly,recommend,to,look,elsewhere,as,for,the,installation,services,they,keep,you,waiting,test,your,patience,and,waste,your,time,",positive",,,,,,,,,,,,,,,,,,
SAMSUNG,8,kg,Inverter,5,Star,with,Ecobubble,Technology,Washing,Machine,Fully,Automatic,Top,Load,"Grey?Ÿ?Ÿ???Ÿ?Ÿ???????Ÿ?Ÿ?????Ÿ?????ÿ?Ÿ?Ÿ???Ÿ?Ÿ???????Ÿ?Ÿ?????Ÿ?????ÿ(WA80BG4441BGTL),",20,"990,3,good,replaced",earlier,samsung,machine,purchased,in,2013,with,similar,capacity,machine,in,june,2021,equipment,was,delivered,within,a,day,of,ordering,and,installation,commissioning,completed,the,next,day,this,model,is,rugged,with,easy,to,use,controls,upgrades,features,like,eco,tub,cleaning,monsoon,wash,and,energy,saving,option,deliver,tangible,benefits,we,use,the,washing,machine,atleast,twice,a,day,washing,quality,is,very,satisfactory,and,noise,level,is,quite,low,also,the,after,sale,sup,",positive"
"BAJAJ 15 L Storage Water Geyser (Popular Plus 15 L, White),""???5,499"",1,Worthless,i",m,govind,1,star,bcoz,i,orders,on,19th,dept,20,item,delivery,26th,but,as,on,date,installation,not,done,in,this,package,installation,is,free,fact,is,it,is,not,free,installation,cost,is,already,include,with,product,cost,as,per,company,rule,warranty,start,from,date,of,in,voice,is,it,justified,i,purchase,nd,full,payment,made,but,i,m,unake,to,use,it,bcoz,of,company,s,fault,delay,in,installation,without,using,you,loose,your,period,between,in,voice,date,nd,installation,date,i,"alre,positive",,,,
"BAJAJ 15 L Storage Water Geyser (Popular Plus 15 L, White),""???5,499"",1,Worthless,delivered",on,time,but,dont,know,how,to,rate,this,product,still,not,opened,and,not,used,as,per,flipkart,description,this,product,is,suppose,to,be,free,installation,but,now,flipkart,customer,support,team,claims,it,has,to,done,on,my,own,very,"wrong,positive",,,,,,,,,,,,,,,,,,,,,,,,,,,,,,,,,,,,,,,,,,,,,,,,,,,
"BAJAJ 15 L Storage Water Geyser (Popular Plus 15 L, White),""???5,499"",1,Hated","it!,after",few,days,its,not,work,"bad,positive",,,,,,,,,,,,,,,,,,,,,,,,,,,,,,,,,,,,,,,,,,,,,,,,,,,,,,,,,,,,,,,,,,,,,,,,,,,,,,,,,,,,,,,,
"Hindware 3 L Storage Water Geyser (Immedio Blue, White & Blue),""???2,184"",1,Waste",of,"money!,installation",charges,charged,extra,800,for,pipe,which,is,not,mentioned,in,discreption,and,it,is,not,instant,it,is,taking,too,much,time,to,heat,the,water,for,every,three,minutes,you,will,get,only,1,to,2,litres,of,water,and,it,is,not,very,hot,it,is,like,40,to,50,tem,onlynot,"satisfied,positive",,,,,,,,,,,,,,,,,,,,,,,,,,,,,,,,,,,,,
"Hindware 3 L Storage Water Geyser (Immedio Blue, White & Blue),""???2,184"",1,Did",not,meet,"expectations,not",usable,in,bath,room,doesnt,work,as,instant,geyser,only,one,liter,of,warm,water,in,one,"time,positive",,,,,,,,,,,,,,,,,,,,,,,,,,,,,,,,,,,,,,,,,,,,,,,,,,,,,,,,,,,,,,,,,,,,,,,,,,
"Hindware 3 L Storage Water Geyser (Immedio Blue, White & Blue),""???2,184"",1,Horrible,doesnt",heats,properly,so,1,shot,is,not,enough,for,one,bucket,u,need,to,heat,2,time,to,get,enough,water,to,bathbuy,some,better,"brand,positive",,,,,,,,,,,,,,,,,,,,,,,,,,,,,,,,,,,,,,,,,,,,,,,,,,,,,,,,,,,,,,,,,,,,,
"Hindware 3 L Storage Water Geyser (Immedio Blue, White & Blue),""???2,184"",1,Waste",of,"money!,product",is,good,but,demo,and,installation,charge,me,of,rs,200,and,also,we,need,to,purchase,all,the,accessories,which,are,required,for,this,gyaser,like,hot,and,normal,water,2,unit,pvc,tube,pipe,and,bolts,also,and,when,we,start,power,button,it,always,required,to,press,reset,"button,positive",,,,,,,,,,,,,,,,,,,,,,,,,,,,,,,,,,,,,,,,,
"Hindware 3 L Storage Water Geyser (Immedio Blue, White & Blue),""???2,184"",1,Waste",of,"money!,beware",of,flipkart,assured,quality,products,got,a,used,geyser,with,cement,marks,on,it,my,plumber,opened,the,package,after,the,return,period,of,10days,was,over,but,didnt,expected,that,flipkart,will,sell,used,product,while,claiming,it,to,be,"new,positive",,,,,,,,,,,,,,,,,,,,,,,,,,,,,,,,,,,,,,,,,,,,,,,,,,,
"Hindware 3 L Storage Water Geyser (Immedio Blue, White & Blue),""???2,184"",1,Unsatisfactory,my",genuine,review,after,using,4monthsi,have,bought,this,and,ao,smit,geyser,both,at,a,timeao,smith,geyser,is,much,better,than,this,in,terms,of,heating,it,was,bit,loud,in,sound,while,heating,but,the,output,water,will,be,very,hot,when,compare,to,this,hindware,need,to,concentrate,more,on,heating,aspectonly,difference,is,ao,smithno,installation,we,need,to,install,"ourself,positive",,,,,,,,,,,,,,,,,,,,,,,,,,,,,,
"Hindware 3 L Storage Water Geyser (Immedio Blue, White & Blue),""???2,184"",1,Worst",experience,"ever!,light",is,not,on,and,no,"heat,positive",,,,,,,,,,,,,,,,,,,,,,,,,,,,,,,,,,,,,,,,,,,,,,,,,,,,,,,,,,,,,,,,,,,,,,,,,,,,,,,,,,,,,,,
